{
  "version": "0",
  "id": "43a8d8ff-462e-1ceb-b8a6-123456789012",
  "detail-type": "NewTextBatch",
  "source": "docRepo.converters",
  "account": "123456789012",
  "time": "2020-04-03T20:51:20Z",
  "region": "us-east-1",
  "resources": [],
  "detail": {
      "bucket": "patterns-s3-eventbridge-docs1",
      "key": "2020-02-06 Compute Savings Plans.docx",
      "type": "docx",
      "text": "You can have multiple Savings Plans active at the same time, and your AWS bill is generated by taking this into account. Conclusion Compute Savings Plans are easy to use, and the Cost Explorer can help you find the right Savings Plan for your usage. By expanding Savings Plans to include AWS Lambda, customers can now choose from a broader range of compute options, and move workloads to Lambda while taking advantage of the discounts available. Savings Plans are available in all AWS Regions outside of China. For more information, read more about Compute Savings Plans <<LINK TBD>>.",
      "batchTotal": 2,
      "batchNumber": 2
  }
}